<?xml version="1.0" encoding="UTF-8"?><?xml-stylesheet type='text/xsl' href='_UpgradeReport_Files/UpgradeReport.xslt'?><UpgradeLog>
<Properties><Property Name="Solution" Value="compra-ventaVehiculos">
</Property><Property Name="Archivo de la solución" Value="E:\compra-ventaVehiculos\compra-ventaVehiculos.sln">
</Property><Property Name="Archivo de opciones de usuario" Value="E:\compra-ventaVehiculos\compra-ventaVehiculos.suo">
</Property><Property Name="Date" Value="jueves, 30 de mayo de 2019">
</Property><Property Name="Time" Value="19:32">
</Property></Properties><Event ErrorLevel="0" Project="" Source="compra-ventaVehiculos.sln" Description="La copia E:\compra-ventaVehiculos\Backup\compra-ventaVehiculos.sln del archivo se ha realizado correctamente">
</Event><Event ErrorLevel="0" Project="" Source="compra-ventaVehiculos.suo" Description="La copia E:\compra-ventaVehiculos\Backup\compra-ventaVehiculos.suo del archivo se ha realizado correctamente">
</Event><Event ErrorLevel="0" Project="compra-ventaVehiculos" Source="compra-ventaVehiculos\compra-ventaVehiculos.csproj" Description="Se realizó correctamente la copia de seguridad del archivo de proyecto E:\compra-ventaVehiculos\Backup\compra-ventaVehiculos\compra-ventaVehiculos.csproj">
</Event><Event ErrorLevel="0" Project="compra-ventaVehiculos" Source="compra-ventaVehiculos\comprarVehiculo.cs" Description="Se realizó correctamente la copia de seguridad del archivo E:\compra-ventaVehiculos\Backup\compra-ventaVehiculos\comprarVehiculo.cs">
</Event><Event ErrorLevel="0" Project="compra-ventaVehiculos" Source="compra-ventaVehiculos\comprarVehiculo.Designer.cs" Description="Se realizó correctamente la copia de seguridad del archivo E:\compra-ventaVehiculos\Backup\compra-ventaVehiculos\comprarVehiculo.Designer.cs">
</Event><Event ErrorLevel="0" Project="compra-ventaVehiculos" Source="compra-ventaVehiculos\compraVenta.cs" Description="Se realizó correctamente la copia de seguridad del archivo E:\compra-ventaVehiculos\Backup\compra-ventaVehiculos\compraVenta.cs">
</Event><Event ErrorLevel="0" Project="compra-ventaVehiculos" Source="compra-ventaVehiculos\compraVenta.Designer.cs" Description="Se realizó correctamente la copia de seguridad del archivo E:\compra-ventaVehiculos\Backup\compra-ventaVehiculos\compraVenta.Designer.cs">
</Event><Event ErrorLevel="0" Project="compra-ventaVehiculos" Source="compra-ventaVehiculos\Form1.cs" Description="Se realizó correctamente la copia de seguridad del archivo E:\compra-ventaVehiculos\Backup\compra-ventaVehiculos\Form1.cs">
</Event><Event ErrorLevel="0" Project="compra-ventaVehiculos" Source="compra-ventaVehiculos\Form1.Designer.cs" Description="Se realizó correctamente la copia de seguridad del archivo E:\compra-ventaVehiculos\Backup\compra-ventaVehiculos\Form1.Designer.cs">
</Event><Event ErrorLevel="0" Project="compra-ventaVehiculos" Source="compra-ventaVehiculos\Program.cs" Description="Se realizó correctamente la copia de seguridad del archivo E:\compra-ventaVehiculos\Backup\compra-ventaVehiculos\Program.cs">
</Event><Event ErrorLevel="0" Project="compra-ventaVehiculos" Source="compra-ventaVehiculos\Properties\AssemblyInfo.cs" Description="Se realizó correctamente la copia de seguridad del archivo E:\compra-ventaVehiculos\Backup\compra-ventaVehiculos\Properties\AssemblyInfo.cs">
</Event><Event ErrorLevel="0" Project="compra-ventaVehiculos" Source="compra-ventaVehiculos\venta.cs" Description="Se realizó correctamente la copia de seguridad del archivo E:\compra-ventaVehiculos\Backup\compra-ventaVehiculos\venta.cs">
</Event><Event ErrorLevel="0" Project="compra-ventaVehiculos" Source="compra-ventaVehiculos\venta.Designer.cs" Description="Se realizó correctamente la copia de seguridad del archivo E:\compra-ventaVehiculos\Backup\compra-ventaVehiculos\venta.Designer.cs">
</Event><Event ErrorLevel="0" Project="compra-ventaVehiculos" Source="compra-ventaVehiculos\Properties\Resources.Designer.cs" Description="Se realizó correctamente la copia de seguridad del archivo E:\compra-ventaVehiculos\Backup\compra-ventaVehiculos\Properties\Resources.Designer.cs">
</Event><Event ErrorLevel="0" Project="compra-ventaVehiculos" Source="compra-ventaVehiculos\Properties\Settings.Designer.cs" Description="Se realizó correctamente la copia de seguridad del archivo E:\compra-ventaVehiculos\Backup\compra-ventaVehiculos\Properties\Settings.Designer.cs">
</Event><Event ErrorLevel="0" Project="compra-ventaVehiculos" Source="compra-ventaVehiculos\Properties\Settings.settings" Description="Se realizó correctamente la copia de seguridad del archivo E:\compra-ventaVehiculos\Backup\compra-ventaVehiculos\Properties\Settings.settings">
</Event><Event ErrorLevel="0" Project="compra-ventaVehiculos" Source="compra-ventaVehiculos\comprarVehiculo.resx" Description="Se realizó correctamente la copia de seguridad del archivo E:\compra-ventaVehiculos\Backup\compra-ventaVehiculos\comprarVehiculo.resx">
</Event><Event ErrorLevel="0" Project="compra-ventaVehiculos" Source="compra-ventaVehiculos\compraVenta.resx" Description="Se realizó correctamente la copia de seguridad del archivo E:\compra-ventaVehiculos\Backup\compra-ventaVehiculos\compraVenta.resx">
</Event><Event ErrorLevel="0" Project="compra-ventaVehiculos" Source="compra-ventaVehiculos\Form1.resx" Description="Se realizó correctamente la copia de seguridad del archivo E:\compra-ventaVehiculos\Backup\compra-ventaVehiculos\Form1.resx">
</Event><Event ErrorLevel="0" Project="compra-ventaVehiculos" Source="compra-ventaVehiculos\Properties\Resources.resx" Description="Se realizó correctamente la copia de seguridad del archivo E:\compra-ventaVehiculos\Backup\compra-ventaVehiculos\Properties\Resources.resx">
</Event><Event ErrorLevel="0" Project="compra-ventaVehiculos" Source="compra-ventaVehiculos\venta.resx" Description="Se realizó correctamente la copia de seguridad del archivo E:\compra-ventaVehiculos\Backup\compra-ventaVehiculos\venta.resx">
</Event><Event ErrorLevel="0" Project="compra-ventaVehiculos" Source="compra-ventaVehiculos\compra-ventaVehiculos.csproj" Description="El archivo de proyecto no requiere conversión.">
</Event><Event ErrorLevel="3" Project="compra-ventaVehiculos" Source="compra-ventaVehiculos\compra-ventaVehiculos.csproj" Description="No requiere conversión">
</Event><Event ErrorLevel="0" Project="" Source="compra-ventaVehiculos.sln" Description="La solución se convirtió correctamente">
</Event><Event ErrorLevel="3" Project="" Source="compra-ventaVehiculos.sln" Description="Converted">
</Event></UpgradeLog>